Timestamp,Emotion
2025-08-30 12:51:02,Angry
2025-08-30 12:51:02,Sad
2025-08-30 12:51:02,Neutral
2025-08-30 12:51:02,Neutral
2025-08-30 12:51:03,Happy
2025-08-30 12:51:03,Happy
2025-08-30 12:51:03,Happy
2025-08-30 12:51:03,Sad
2025-08-30 12:51:03,Happy
2025-08-30 12:51:03,Sad
2025-08-30 12:51:04,Sad
2025-08-30 12:51:04,Sad
2025-08-30 12:51:04,Sad
2025-08-30 12:51:04,Angry
2025-08-30 12:51:06,Angry
2025-08-30 12:51:06,Sad
2025-08-30 12:51:06,Angry
2025-08-30 12:51:06,Sad
2025-08-30 12:51:06,Sad
2025-08-30 12:51:07,Sad
2025-08-30 12:51:07,Sad
2025-08-30 12:51:07,Angry
2025-08-30 12:51:07,Sad
2025-08-30 12:51:07,Sad
2025-08-30 12:51:11,Sad
2025-08-30 12:51:11,Angry
2025-08-30 12:51:11,Sad
2025-08-30 12:51:12,Angry
2025-08-30 12:51:12,Angry
2025-08-30 12:51:12,Sad
2025-08-30 12:51:12,Sad
2025-08-30 12:51:12,Angry
2025-08-30 12:51:12,Angry
2025-08-30 12:51:12,Angry
2025-08-30 12:51:13,Angry
2025-08-30 12:51:13,Sad
2025-08-30 12:51:13,Angry
2025-08-30 12:51:13,Angry
2025-08-30 12:51:13,Angry
2025-08-30 12:51:14,Sad
2025-08-30 12:51:14,Angry
2025-08-30 12:51:14,Sad
2025-08-30 12:51:14,Sad
2025-08-30 12:51:14,Angry
2025-08-30 12:51:14,Sad
2025-08-30 12:51:15,Sad
2025-08-30 12:51:15,Sad
2025-08-30 12:51:16,Sad
2025-08-30 12:51:16,Sad
2025-08-30 12:51:16,Sad
2025-08-30 12:51:17,Sad
2025-08-30 12:51:17,Sad
2025-08-30 12:51:17,Angry
2025-08-30 12:51:17,Angry
2025-08-30 12:51:17,Neutral
2025-08-30 12:51:18,Neutral
2025-08-30 12:51:18,Sad
2025-08-30 12:51:18,Sad
2025-08-30 12:51:29,Sad
2025-08-30 12:51:30,Sad
2025-08-30 12:51:30,Sad
2025-08-30 12:51:30,Sad
2025-08-30 12:51:30,Sad
2025-08-30 12:51:30,Sad
2025-08-30 12:51:31,Sad
2025-08-30 12:51:31,Sad
2025-08-30 12:51:31,Sad
2025-08-30 12:51:35,Sad
2025-08-30 12:51:35,Neutral
2025-08-30 12:51:35,Fear
2025-08-30 12:51:35,Sad
2025-08-30 12:51:36,Fear
2025-08-30 12:51:36,Fear
2025-08-30 12:51:36,Fear
2025-08-30 12:51:36,Fear
2025-08-30 12:51:36,Fear
2025-08-30 12:51:36,Neutral
2025-08-30 12:51:37,Neutral
2025-08-30 12:51:37,Fear
2025-08-30 12:51:37,Neutral
2025-08-30 12:51:37,Neutral
2025-08-30 12:51:37,Fear
2025-08-30 12:51:37,Fear
2025-08-30 12:51:38,Fear
2025-08-30 12:51:38,Neutral
2025-08-30 12:51:38,Neutral
2025-08-30 12:51:38,Neutral
2025-08-30 12:51:39,Fear
2025-08-30 12:51:39,Fear
2025-08-30 12:51:39,Fear
2025-08-30 12:51:39,Neutral
2025-08-30 12:51:39,Neutral
2025-08-30 12:51:39,Neutral
2025-08-30 12:51:40,Fear
2025-08-30 12:51:40,Fear
2025-08-30 12:51:40,Fear
2025-08-30 12:51:40,Fear
2025-08-30 12:51:40,Fear
2025-08-30 12:51:41,Fear
2025-08-30 12:51:41,Fear
2025-08-30 12:51:41,Fear
2025-08-30 12:51:41,Angry
2025-08-30 12:51:41,Fear
2025-08-30 12:51:42,Fear
2025-08-30 12:51:42,Fear
2025-08-30 12:51:42,Angry
2025-08-30 12:51:42,Angry
2025-08-30 12:51:42,Fear
2025-08-30 12:51:42,Neutral
2025-08-30 12:51:43,Neutral
2025-08-30 12:51:43,Neutral
2025-08-30 12:51:43,Neutral
2025-08-30 12:51:43,Neutral
2025-08-30 12:51:43,Neutral
2025-08-30 12:51:43,Neutral
2025-08-30 12:51:44,Neutral
2025-08-30 12:51:44,Neutral
2025-08-30 12:51:44,Surprise
2025-08-30 12:51:44,Fear
2025-08-30 12:51:45,Neutral
2025-08-30 12:51:45,Surprise
2025-08-30 12:51:45,Surprise
2025-08-30 12:51:45,Surprise
2025-08-30 12:51:46,Surprise
2025-08-30 12:51:47,Surprise
2025-08-30 12:51:47,Surprise
2025-08-30 12:51:47,Surprise
2025-08-30 12:51:47,Surprise
2025-08-30 12:51:48,Surprise
2025-08-30 12:51:48,Fear
2025-08-30 12:51:48,Fear
2025-08-30 12:51:48,Fear
2025-08-30 12:51:48,Neutral
2025-08-30 12:51:49,Neutral
2025-08-30 12:51:49,Neutral
2025-08-30 12:51:49,Fear
2025-08-30 12:51:49,Neutral
2025-08-30 12:51:49,Fear
2025-08-30 12:51:50,Fear
2025-08-30 12:51:50,Fear
2025-08-30 12:51:50,Fear
2025-08-30 12:51:50,Fear
2025-08-30 12:51:50,Fear
2025-08-30 12:51:50,Fear
2025-08-30 12:51:51,Fear
2025-08-30 12:51:51,Fear
2025-08-30 12:51:51,Fear
2025-08-30 12:51:51,Fear
2025-08-30 12:51:51,Fear
2025-08-30 12:51:52,Surprise
2025-08-30 12:51:52,Neutral
2025-08-30 12:51:52,Fear
2025-08-30 12:51:52,Surprise
2025-08-30 12:51:53,Fear
2025-08-30 12:51:54,Fear
2025-08-30 12:51:54,Fear
2025-08-30 12:51:54,Fear
2025-08-30 12:51:54,Happy
2025-08-30 12:51:55,Fear
2025-08-30 12:51:55,Fear
2025-08-30 12:51:55,Fear
2025-08-30 12:51:55,Fear
2025-08-30 12:51:58,Happy
2025-08-30 12:51:59,Happy
2025-08-30 12:51:59,Happy
2025-08-30 12:52:00,Happy
2025-08-30 12:52:00,Happy
2025-08-30 12:52:00,Happy
2025-08-30 12:52:00,Happy
2025-08-30 12:52:01,Happy
2025-08-30 12:52:01,Neutral
2025-08-30 12:52:01,Fear
2025-08-30 12:52:01,Fear
2025-08-30 12:52:01,Neutral
2025-08-30 12:52:01,Neutral
2025-08-30 12:52:02,Neutral
2025-08-30 12:52:02,Neutral
2025-08-30 12:52:02,Happy
2025-08-30 12:52:02,Neutral
2025-08-30 12:52:02,Neutral
2025-08-30 12:52:03,Happy
2025-08-30 12:52:03,Neutral
2025-08-30 12:52:03,Neutral
2025-08-30 12:52:03,Neutral
2025-08-30 12:52:03,Neutral
2025-08-30 12:52:03,Neutral
2025-08-30 12:52:04,Sad
2025-08-30 12:52:04,Neutral
2025-08-30 12:52:04,Neutral
2025-08-30 12:52:04,Neutral
2025-08-30 12:52:04,Neutral
2025-08-30 12:52:05,Neutral
2025-08-30 12:52:05,Neutral
2025-08-30 12:52:05,Fear
2025-08-30 12:52:05,Fear
2025-08-30 12:52:05,Surprise
2025-08-30 12:52:06,Neutral
2025-08-30 12:52:06,Neutral
2025-08-30 12:52:06,Neutral
2025-08-30 12:52:06,Neutral
2025-08-30 12:52:06,Neutral
2025-08-30 12:52:07,Neutral
2025-08-30 12:52:07,Neutral
2025-08-30 12:52:07,Fear
2025-08-30 12:52:07,Neutral
2025-08-30 12:52:07,Fear
2025-08-30 12:52:07,Neutral
2025-08-30 12:52:08,Neutral
2025-08-30 12:52:08,Neutral
2025-08-30 12:52:08,Neutral
2025-08-30 12:52:08,Neutral
2025-08-30 12:52:08,Neutral
2025-08-30 12:52:09,Neutral
2025-08-30 12:52:09,Neutral
2025-08-30 12:52:09,Neutral
2025-08-30 12:52:09,Neutral
2025-08-30 12:52:09,Neutral
2025-08-30 12:52:09,Neutral
2025-08-30 12:52:10,Neutral
2025-08-30 12:52:10,Fear
2025-08-30 12:52:10,Neutral
2025-08-30 12:52:10,Fear
2025-08-30 12:52:10,Neutral
2025-08-30 12:52:11,Neutral
2025-08-30 12:52:11,Fear
2025-08-30 12:52:11,Fear
2025-08-30 12:52:11,Sad
2025-08-30 12:52:11,Sad
2025-08-30 12:52:11,Fear
2025-08-30 12:52:12,Sad
2025-08-30 12:52:12,Neutral
2025-08-30 12:52:12,Neutral
2025-08-30 12:52:12,Neutral
2025-08-30 12:52:12,Fear
2025-08-30 12:52:13,Fear
2025-08-30 12:52:13,Fear
2025-08-30 12:52:13,Fear
2025-08-30 12:52:13,Fear
2025-08-30 12:52:13,Fear
2025-08-30 12:52:13,Fear
2025-08-30 12:52:14,Neutral
2025-08-30 12:52:14,Fear
2025-08-30 12:52:14,Fear
2025-08-30 12:52:14,Neutral
2025-08-30 12:52:14,Neutral
2025-08-30 12:52:14,Neutral
2025-08-30 12:52:15,Fear
2025-08-30 12:52:15,Neutral
2025-08-30 12:52:15,Fear
2025-08-30 12:52:15,Fear
2025-08-30 12:52:15,Fear
2025-08-30 12:52:16,Neutral
2025-08-30 12:52:16,Neutral
2025-08-30 12:52:16,Neutral
2025-08-30 12:52:16,Fear
2025-08-30 12:52:16,Neutral
2025-08-30 12:52:16,Fear
2025-08-30 12:52:17,Fear
2025-08-30 12:52:17,Fear
2025-08-30 12:52:17,Fear
2025-08-30 12:52:17,Fear
2025-08-30 12:52:17,Neutral
2025-08-30 12:52:18,Neutral
2025-08-30 12:52:18,Fear
2025-08-30 12:52:18,Neutral
2025-08-30 12:52:18,Fear
2025-08-30 12:52:18,Neutral
2025-08-30 12:52:18,Fear
2025-08-30 12:52:19,Neutral
2025-08-30 12:52:19,Sad
2025-08-30 12:52:19,Neutral
2025-08-30 12:52:19,Sad
2025-08-30 12:52:19,Sad
2025-08-30 12:52:20,Sad
2025-08-30 12:52:20,Neutral
2025-08-30 12:52:20,Neutral
2025-08-30 12:52:20,Fear
2025-08-30 12:52:20,Neutral
2025-08-30 12:52:21,Fear
2025-08-30 12:52:21,Sad
2025-08-30 12:52:21,Fear
2025-08-30 12:52:21,Neutral
2025-08-30 12:52:21,Sad
2025-08-30 12:52:21,Neutral
2025-08-30 12:52:22,Neutral
2025-08-30 12:52:22,Neutral
2025-08-30 12:52:22,Angry
2025-08-30 12:52:22,Neutral
2025-08-30 12:52:22,Neutral
2025-08-30 12:52:22,Neutral
2025-08-30 12:52:23,Neutral
2025-08-30 12:52:23,Neutral
2025-08-30 12:52:23,Neutral
2025-08-30 12:52:23,Neutral
2025-08-30 12:52:23,Neutral
2025-08-30 12:52:24,Neutral
2025-08-30 12:52:24,Neutral
2025-08-30 12:52:24,Neutral
2025-08-30 12:52:24,Neutral
2025-08-30 12:52:24,Neutral
2025-08-30 12:52:25,Fear
2025-08-30 12:52:25,Fear
2025-08-30 12:52:25,Fear
2025-08-30 12:52:25,Neutral
2025-08-30 12:52:25,Neutral
2025-08-30 12:52:25,Neutral
2025-08-30 12:52:26,Neutral
2025-08-30 12:52:26,Neutral
2025-08-30 12:52:26,Neutral
2025-08-30 12:52:26,Neutral
2025-08-30 12:52:26,Neutral
2025-08-30 12:52:26,Neutral
2025-08-30 12:52:27,Fear
2025-08-30 12:52:27,Fear
2025-08-30 12:52:27,Fear
2025-08-30 12:52:27,Neutral
2025-08-30 12:52:27,Fear
2025-08-30 12:52:28,Fear
2025-08-30 12:52:28,Neutral
2025-08-30 12:52:28,Neutral
2025-08-30 12:52:28,Fear
2025-08-30 12:52:28,Neutral
2025-08-30 12:52:28,Neutral
2025-08-30 12:52:29,Neutral
2025-08-30 12:52:29,Fear
2025-08-30 12:52:29,Fear
2025-08-30 12:52:29,Neutral
2025-08-30 12:52:29,Neutral
2025-08-30 12:52:30,Neutral
2025-08-30 12:52:30,Neutral
2025-08-30 12:52:30,Fear
2025-08-30 12:52:30,Neutral
2025-08-30 12:52:30,Fear
2025-08-30 12:52:30,Fear
2025-08-30 12:52:31,Neutral
2025-08-30 12:52:31,Fear
2025-08-30 12:52:31,Fear
2025-08-30 12:52:31,Neutral
2025-08-30 12:52:31,Neutral
2025-08-30 12:52:31,Fear
2025-08-30 12:52:32,Fear
2025-08-30 12:52:32,Neutral
2025-08-30 12:52:32,Neutral
2025-08-30 12:52:32,Neutral
2025-08-30 12:52:32,Neutral
2025-08-30 12:52:33,Neutral
2025-08-30 12:52:33,Fear
2025-08-30 12:52:33,Neutral
2025-08-30 12:52:33,Neutral
2025-08-30 12:52:33,Fear
2025-08-30 12:52:34,Neutral
2025-08-30 12:52:34,Fear
2025-08-30 12:52:34,Fear
2025-08-30 12:52:34,Neutral
2025-08-30 12:52:34,Neutral
2025-08-30 12:52:34,Fear
2025-08-30 12:52:35,Fear
2025-08-30 12:52:35,Neutral
2025-08-30 12:52:35,Neutral
2025-08-30 12:52:35,Neutral
2025-08-30 12:52:35,Neutral
2025-08-30 12:52:36,Neutral
2025-08-30 12:52:36,Fear
2025-08-30 12:52:36,Fear
2025-08-30 12:52:36,Neutral
2025-08-30 12:52:36,Fear
2025-08-30 12:52:36,Neutral
2025-08-30 12:52:37,Surprise
2025-08-30 12:52:37,Neutral
2025-08-30 12:52:37,Neutral
2025-08-30 12:52:37,Neutral
2025-08-30 12:52:37,Neutral
2025-08-30 12:52:38,Fear
2025-08-30 12:52:38,Fear
2025-08-30 12:52:38,Fear
2025-08-30 12:52:38,Fear
2025-08-30 12:52:38,Fear
2025-08-30 12:52:39,Fear
2025-08-30 12:52:39,Fear
2025-08-30 12:52:39,Fear
2025-08-30 12:52:39,Neutral
2025-08-30 12:52:39,Fear
2025-08-30 12:52:39,Neutral
2025-08-30 12:52:40,Neutral
2025-08-30 12:52:40,Neutral
2025-08-30 12:52:40,Neutral
2025-08-30 12:59:14,Fear
2025-08-30 12:59:15,Sad
2025-08-30 12:59:15,Sad
2025-08-30 12:59:16,Sad
2025-08-30 12:59:16,Sad
2025-08-30 12:59:16,Sad
2025-08-30 12:59:16,Sad
2025-08-30 12:59:17,Sad
2025-08-30 12:59:17,Sad
2025-08-30 12:59:19,Neutral
2025-08-30 12:59:20,Sad
2025-08-30 12:59:20,Neutral
2025-08-30 12:59:23,Angry
2025-08-30 12:59:23,Neutral
2025-08-30 12:59:24,Neutral
2025-08-30 12:59:24,Neutral
2025-08-30 12:59:29,Neutral
2025-08-30 12:59:33,Neutral
2025-08-30 12:59:34,Neutral
2025-08-30 12:59:35,Neutral
2025-08-30 12:59:35,Neutral
2025-08-30 12:59:36,Neutral
2025-08-30 12:59:36,Neutral
2025-08-30 12:59:37,Neutral
2025-08-30 12:59:37,Neutral
2025-08-30 12:59:38,Neutral
2025-08-30 12:59:38,Neutral
2025-08-30 12:59:38,Neutral
2025-08-30 12:59:38,Neutral
2025-08-30 12:59:38,Neutral
2025-08-30 12:59:38,Neutral
2025-08-30 12:59:39,Neutral
2025-08-30 12:59:39,Neutral
2025-08-30 12:59:39,Neutral
2025-08-30 12:59:39,Neutral
2025-08-30 12:59:40,Neutral
2025-08-30 12:59:40,Neutral
2025-08-30 12:59:40,Neutral
2025-08-30 12:59:41,Neutral
2025-08-30 12:59:41,Neutral
2025-08-30 12:59:41,Neutral
2025-08-30 12:59:41,Neutral
2025-08-30 12:59:41,Neutral
2025-08-30 12:59:41,Neutral
2025-08-30 12:59:42,Neutral
2025-08-30 12:59:42,Neutral
2025-08-30 12:59:42,Neutral
2025-08-30 12:59:43,Neutral
2025-08-30 12:59:43,Neutral
2025-08-30 12:59:43,Neutral
2025-08-30 12:59:43,Neutral
2025-08-30 12:59:44,Neutral
2025-08-30 12:59:44,Neutral
2025-08-30 12:59:44,Neutral
2025-08-30 12:59:44,Neutral
2025-08-30 12:59:44,Neutral
2025-08-30 12:59:45,Neutral
2025-08-30 12:59:45,Neutral
2025-08-30 12:59:45,Neutral
2025-08-30 12:59:45,Neutral
2025-08-30 12:59:45,Neutral
2025-08-30 12:59:46,Neutral
2025-08-30 12:59:48,Neutral
2025-08-30 12:59:49,Neutral
2025-08-30 12:59:49,Neutral
2025-08-30 12:59:50,Neutral
2025-08-30 12:59:50,Neutral
2025-08-30 12:59:50,Neutral
2025-08-30 12:59:50,Neutral
2025-08-30 12:59:51,Neutral
2025-08-30 12:59:51,Neutral
2025-08-30 12:59:52,Neutral
2025-08-30 12:59:52,Sad
2025-08-30 12:59:52,Neutral
2025-08-30 12:59:52,Neutral
2025-08-30 12:59:53,Neutral
2025-08-30 12:59:53,Neutral
2025-08-30 12:59:53,Neutral
2025-08-30 12:59:53,Neutral
2025-08-30 12:59:54,Neutral
2025-08-30 12:59:54,Neutral
2025-08-30 12:59:54,Neutral
2025-08-30 12:59:54,Sad
2025-08-30 12:59:54,Neutral
2025-08-30 12:59:54,Neutral
2025-08-30 12:59:55,Neutral
2025-08-30 12:59:55,Neutral
2025-08-30 12:59:56,Neutral
2025-08-30 12:59:56,Neutral
2025-08-30 12:59:56,Neutral
2025-08-30 12:59:57,Neutral
2025-08-30 12:59:58,Neutral
2025-08-30 12:59:58,Neutral
2025-08-30 12:59:58,Neutral
2025-08-30 12:59:58,Neutral
2025-08-30 12:59:58,Neutral
2025-08-30 12:59:59,Neutral
2025-08-30 12:59:59,Neutral
2025-08-30 12:59:59,Neutral
2025-08-30 12:59:59,Neutral
2025-08-30 13:00:00,Neutral
2025-08-30 13:00:01,Neutral
2025-08-30 13:00:01,Neutral
2025-08-30 13:00:10,Neutral
2025-08-30 13:00:10,Neutral
2025-08-30 13:00:11,Neutral
2025-08-30 13:00:11,Neutral
2025-08-30 13:00:12,Neutral
2025-08-30 13:00:12,Neutral
2025-08-30 13:00:13,Neutral
2025-08-30 13:00:14,Fear
2025-08-30 13:00:14,Neutral
2025-08-30 13:00:15,Neutral
2025-08-30 13:00:15,Neutral
2025-08-30 13:00:15,Neutral
2025-08-30 13:00:15,Neutral
2025-08-30 13:00:15,Neutral
2025-08-30 13:00:16,Neutral
2025-08-30 13:00:16,Neutral
2025-08-30 13:00:16,Neutral
2025-08-30 13:00:17,Neutral
2025-08-30 13:00:17,Neutral
2025-08-30 13:00:17,Neutral
2025-08-30 13:00:17,Neutral
2025-08-30 13:00:17,Neutral
2025-08-30 13:00:18,Neutral
2025-08-30 13:00:18,Neutral
2025-08-30 13:00:19,Neutral
2025-08-30 13:00:19,Fear
2025-08-30 13:00:19,Fear
2025-08-30 13:00:19,Neutral
2025-08-30 13:00:20,Neutral
2025-08-30 13:00:20,Neutral
2025-08-30 13:00:20,Neutral
2025-08-30 13:00:21,Neutral
2025-08-30 13:00:22,Neutral
2025-08-30 13:00:23,Neutral
2025-08-30 13:00:23,Fear
2025-08-30 13:00:23,Fear
2025-08-30 13:00:23,Neutral
2025-08-30 13:00:24,Neutral
2025-08-30 13:00:24,Neutral
2025-08-30 13:00:24,Fear
2025-08-30 13:00:24,Fear
2025-08-30 13:00:25,Neutral
2025-08-30 13:00:25,Fear
2025-08-30 13:00:25,Neutral
2025-08-30 13:00:25,Neutral
2025-08-30 13:00:25,Neutral
2025-08-30 13:00:26,Neutral
2025-08-30 13:00:26,Neutral
2025-08-30 13:00:27,Neutral
2025-08-30 13:00:27,Fear
2025-08-30 13:00:27,Neutral
2025-08-30 13:00:27,Neutral
2025-08-30 13:00:28,Neutral
2025-08-30 13:00:28,Fear
2025-08-30 13:00:28,Neutral
2025-08-30 13:00:28,Neutral
2025-08-30 13:00:29,Neutral
2025-08-30 13:00:29,Neutral
2025-08-30 13:00:29,Neutral
2025-08-30 13:00:29,Neutral
2025-08-30 13:00:30,Neutral
2025-08-30 13:00:30,Neutral
2025-08-30 13:00:30,Neutral
2025-08-30 13:00:30,Neutral
2025-08-30 13:00:31,Neutral
2025-08-30 13:00:31,Neutral
2025-08-30 13:00:31,Neutral
2025-08-30 13:00:31,Neutral
2025-08-30 13:00:31,Neutral
2025-08-30 13:00:32,Fear
2025-08-30 13:00:32,Neutral
2025-08-30 13:00:32,Neutral
2025-08-30 13:00:32,Neutral
2025-08-30 13:00:33,Neutral
2025-08-30 13:00:33,Neutral
2025-08-30 13:00:33,Sad
2025-08-30 13:00:33,Neutral
2025-08-30 13:00:33,Neutral
2025-08-30 13:00:34,Neutral
2025-08-30 13:00:34,Neutral
2025-08-30 13:00:34,Neutral
2025-08-30 13:00:35,Neutral
2025-08-30 13:00:35,Neutral
2025-08-30 13:00:35,Neutral
2025-08-30 13:00:35,Neutral
2025-08-30 13:00:36,Neutral
2025-08-30 13:00:36,Neutral
2025-08-30 13:00:36,Neutral
2025-08-30 13:00:36,Neutral
2025-08-30 13:00:37,Neutral
2025-08-30 13:00:37,Neutral
2025-08-30 13:00:37,Neutral
2025-08-30 13:00:37,Neutral
2025-08-30 13:00:38,Neutral
2025-08-30 13:00:38,Neutral
2025-08-30 13:00:38,Neutral
2025-08-30 13:00:38,Neutral
2025-08-30 13:00:38,Neutral
2025-08-30 13:00:39,Neutral
2025-08-30 13:00:39,Neutral
2025-08-30 13:00:39,Neutral
2025-08-30 13:00:39,Neutral
2025-08-30 13:00:39,Neutral
2025-08-30 13:00:39,Neutral
2025-08-30 13:12:15,Angry
2025-08-30 13:12:15,Surprise
2025-08-30 13:12:16,Surprise
2025-08-30 13:12:16,Surprise
2025-08-30 13:12:17,Surprise
2025-08-30 13:12:18,Happy
2025-08-30 13:12:21,Sad
2025-08-30 13:12:22,Sad
2025-08-30 13:12:26,Sad
2025-08-30 13:12:26,Sad
2025-08-30 13:12:27,Sad
2025-08-30 13:12:27,Sad
2025-08-30 13:12:27,Sad
2025-08-30 13:12:28,Sad
2025-08-30 13:12:28,Sad
2025-08-30 13:12:28,Sad
2025-08-30 13:12:28,Sad
2025-08-30 13:12:29,Sad
2025-08-30 13:12:29,Sad
2025-08-30 13:12:29,Sad
2025-08-30 13:12:30,Happy
2025-08-30 13:12:30,Happy
2025-08-30 13:12:30,Happy
2025-08-30 13:12:31,Sad
2025-08-30 13:12:31,Sad
2025-08-30 13:12:31,Sad
2025-08-30 13:12:32,Sad
2025-08-30 13:12:32,Sad
2025-08-30 13:12:32,Sad
2025-08-30 13:12:33,Sad
2025-08-30 13:12:33,Sad
2025-08-30 13:12:34,Sad
2025-08-30 13:12:34,Sad
2025-08-30 13:12:34,Sad
2025-08-30 13:12:35,Sad
2025-08-30 13:12:35,Sad
2025-08-30 13:12:35,Sad
2025-08-30 13:12:35,Sad
2025-08-30 13:12:36,Sad
2025-08-30 13:12:36,Sad
2025-08-30 13:12:36,Sad
2025-08-30 13:12:37,Sad
2025-08-30 13:12:37,Sad
2025-08-30 13:12:39,Sad
2025-08-30 13:12:40,Sad
2025-08-30 13:12:40,Sad
2025-08-30 13:12:40,Sad
2025-08-30 13:12:40,Sad
2025-08-30 13:12:41,Sad
2025-08-30 13:12:41,Sad
2025-08-30 13:12:42,Sad
2025-08-30 13:12:42,Sad
2025-08-30 13:12:42,Sad
2025-08-30 13:12:43,Angry
2025-08-30 13:12:43,Fear
2025-08-30 13:12:43,Sad
2025-08-30 13:12:44,Sad
2025-08-30 13:12:44,Fear
2025-08-30 13:12:44,Sad
2025-08-30 13:12:45,Sad
2025-08-30 13:12:45,Sad
2025-08-30 13:12:46,Sad
2025-08-30 13:12:47,Sad
2025-08-30 13:12:47,Sad
2025-08-30 13:12:48,Fear
2025-08-30 13:12:49,Sad
2025-08-30 13:12:49,Sad
2025-08-30 13:12:49,Sad
2025-08-30 13:12:50,Angry
2025-08-30 13:12:50,Angry
2025-08-30 13:12:50,Sad
2025-08-30 13:12:51,Sad
2025-08-30 13:12:51,Sad
2025-08-30 13:12:52,Sad
2025-08-30 13:12:52,Sad
2025-08-30 13:12:52,Sad
2025-08-30 13:12:53,Sad
2025-08-30 13:12:53,Angry
2025-08-30 13:12:54,Angry
2025-08-30 13:12:57,Fear
2025-08-30 13:12:59,Sad
2025-08-30 13:20:49,Sad
2025-08-30 13:20:49,Sad
2025-08-30 13:20:50,Sad
2025-08-30 13:20:54,Sad
2025-08-30 13:20:54,Sad
2025-08-30 13:20:55,Sad
2025-08-30 13:20:55,Sad
2025-08-30 13:20:56,Sad
2025-08-30 13:20:56,Sad
2025-08-30 13:20:56,Sad
2025-08-30 13:20:57,Sad
2025-08-30 13:20:57,Sad
2025-08-30 13:20:57,Sad
2025-08-30 13:20:58,Sad
2025-08-30 13:20:58,Sad
2025-08-30 13:20:58,Sad
2025-08-30 13:20:59,Sad
2025-08-30 13:20:59,Sad
2025-08-30 13:20:59,Sad
2025-08-30 13:21:00,Sad
2025-08-30 13:21:00,Sad
2025-08-30 13:21:01,Sad
2025-08-30 13:21:01,Sad
2025-08-30 13:21:02,Sad
2025-08-30 13:21:02,Sad
2025-08-30 13:21:02,Sad
2025-08-30 13:21:03,Sad
2025-08-30 13:21:03,Sad
2025-08-30 13:21:05,Sad
2025-08-30 13:21:08,Angry
2025-08-30 13:21:12,Sad
2025-08-30 13:21:12,Sad
2025-08-30 13:21:12,Sad
2025-08-30 13:21:13,Sad
2025-08-30 13:21:13,Sad
2025-08-30 13:21:13,Sad
2025-08-30 13:21:14,Sad
2025-08-30 13:21:14,Sad
2025-08-30 13:21:14,Sad
2025-08-30 13:21:15,Sad
2025-08-30 13:21:15,Sad
2025-08-30 13:21:15,Sad
2025-08-30 13:21:16,Sad
2025-08-30 13:21:16,Sad
2025-08-30 13:21:16,Sad
2025-08-30 13:21:17,Sad
2025-08-30 13:21:17,Sad
2025-08-30 13:21:17,Sad
2025-08-30 13:21:17,Sad
2025-08-30 13:21:18,Sad
2025-08-30 13:21:18,Sad
2025-08-30 13:21:18,Sad
2025-08-30 13:22:25,Sad
2025-08-30 13:22:25,Sad
2025-08-30 13:22:25,Sad
2025-08-30 13:22:25,Sad
2025-08-30 13:22:26,Sad
2025-08-30 13:22:26,Sad
2025-08-30 13:22:26,Sad
2025-08-30 13:22:26,Sad
2025-08-30 13:22:27,Sad
2025-08-30 13:22:27,Sad
2025-08-30 13:22:27,Sad
2025-08-30 13:22:28,Sad
2025-08-30 13:22:28,Sad
2025-08-30 13:22:28,Sad
2025-08-30 13:22:28,Sad
2025-08-30 13:22:29,Sad
2025-08-30 13:30:16,Neutral
2025-08-30 13:30:16,Neutral
2025-08-30 13:30:16,Neutral
2025-08-30 13:30:16,Neutral
2025-08-30 13:30:17,Neutral
2025-08-30 13:30:17,Neutral
2025-08-30 13:30:17,Neutral
2025-08-30 13:30:17,Neutral
2025-08-30 13:30:17,Neutral
2025-08-30 13:30:18,Neutral
2025-08-30 13:30:18,Neutral
2025-08-30 13:30:18,Surprise
2025-08-30 13:30:18,Surprise
2025-08-30 13:30:18,Neutral
2025-08-30 13:30:19,Neutral
2025-08-30 13:30:19,Neutral
2025-08-30 13:30:19,Neutral
2025-08-30 13:30:19,Neutral
2025-08-30 13:30:19,Neutral
2025-08-30 13:30:19,Neutral
2025-08-30 13:30:20,Neutral
2025-08-30 13:30:20,Neutral
2025-08-30 13:30:20,Neutral
2025-08-30 13:30:20,Neutral
2025-08-30 13:30:20,Neutral
2025-08-30 13:30:21,Neutral
2025-08-30 13:30:21,Neutral
2025-08-30 13:30:21,Neutral
2025-08-30 13:30:21,Neutral
2025-08-30 13:30:21,Neutral
2025-08-30 13:30:22,Neutral
2025-08-30 13:30:22,Neutral
2025-08-30 13:30:22,Neutral
2025-08-30 13:30:22,Neutral
2025-08-30 13:30:22,Neutral
2025-08-30 13:30:23,Neutral
2025-08-30 13:30:23,Neutral
2025-08-30 13:30:23,Neutral
2025-08-30 13:30:23,Neutral
2025-08-30 13:30:23,Neutral
2025-08-30 13:30:23,Neutral
2025-08-30 13:30:24,Neutral
2025-08-30 13:30:24,Neutral
2025-08-30 13:30:24,Sad
2025-08-30 13:30:24,Neutral
2025-08-30 13:30:24,Sad
2025-08-30 13:30:25,Sad
2025-08-30 13:30:25,Neutral
2025-08-30 13:30:25,Neutral
2025-08-30 13:30:25,Sad
2025-08-30 13:30:25,Neutral
2025-08-30 13:30:25,Neutral
2025-08-30 13:30:26,Sad
2025-08-30 13:30:26,Sad
2025-08-30 13:30:26,Sad
2025-08-30 13:30:26,Sad
2025-08-30 13:30:26,Sad
2025-08-30 13:30:27,Neutral
2025-08-30 13:30:27,Neutral
2025-08-30 13:30:27,Neutral
2025-08-30 13:30:27,Neutral
2025-08-30 13:30:27,Neutral
2025-08-30 13:30:27,Neutral
2025-08-30 13:30:28,Neutral
2025-08-30 13:30:28,Neutral
2025-08-30 13:30:28,Neutral
2025-08-30 13:30:28,Neutral
2025-08-30 13:30:29,Neutral
2025-08-30 13:30:30,Neutral
2025-08-30 13:30:30,Neutral
2025-08-30 13:30:30,Neutral
2025-08-30 13:30:30,Neutral
2025-08-30 13:30:30,Neutral
2025-08-30 13:30:31,Neutral
2025-08-30 13:30:31,Neutral
2025-08-30 13:30:31,Neutral
2025-08-30 13:30:31,Neutral
2025-08-30 13:30:31,Neutral
2025-08-30 13:30:32,Neutral
2025-08-30 13:30:32,Neutral
2025-08-30 13:30:32,Neutral
2025-08-30 13:30:32,Neutral
2025-08-30 13:30:32,Neutral
2025-08-30 13:30:33,Neutral
2025-08-30 13:30:33,Neutral
2025-08-30 13:30:33,Neutral
2025-08-30 13:30:33,Neutral
2025-08-30 13:30:33,Neutral
2025-08-30 13:30:34,Neutral
2025-08-30 13:30:34,Neutral
2025-08-30 13:30:34,Neutral
2025-08-30 13:30:34,Neutral
2025-08-30 13:30:34,Neutral
2025-08-30 13:30:35,Neutral
2025-08-30 13:30:35,Neutral
2025-08-30 13:30:35,Neutral
2025-08-30 13:30:35,Neutral
2025-08-30 13:30:35,Neutral
2025-08-30 13:30:36,Neutral
2025-08-30 13:30:36,Neutral
2025-08-30 13:30:36,Neutral
2025-08-30 13:30:36,Neutral
2025-08-30 13:30:36,Neutral
2025-08-30 13:30:36,Neutral
2025-08-30 13:30:37,Neutral
2025-08-30 13:30:37,Neutral
2025-08-30 13:30:37,Neutral
2025-08-30 13:30:38,Neutral
2025-08-30 13:30:38,Neutral
2025-08-30 13:30:38,Neutral
2025-08-30 13:30:38,Neutral
2025-08-30 13:30:38,Neutral
2025-08-30 13:30:38,Neutral
2025-08-30 13:30:39,Neutral
2025-08-30 13:30:39,Neutral
2025-08-30 13:30:39,Neutral
2025-08-30 13:30:39,Neutral
2025-08-30 13:30:39,Neutral
2025-08-30 13:30:39,Neutral
2025-08-30 13:30:40,Neutral
2025-08-30 13:30:40,Neutral
2025-08-30 13:30:40,Neutral
2025-08-30 13:30:40,Neutral
2025-08-30 13:30:40,Neutral
2025-08-30 13:30:41,Neutral
2025-08-30 13:30:41,Neutral
2025-08-30 13:30:41,Neutral
2025-08-30 13:30:41,Neutral
2025-08-30 13:30:41,Neutral
2025-08-30 13:30:41,Neutral
2025-08-30 13:30:42,Neutral
2025-08-30 13:30:42,Neutral
2025-08-30 13:30:42,Neutral
2025-08-30 13:30:42,Neutral
2025-08-30 13:30:42,Neutral
2025-08-30 13:30:42,Neutral
2025-08-30 13:30:43,Neutral
2025-08-30 13:30:43,Neutral
2025-08-30 13:30:43,Neutral
2025-08-30 13:30:43,Neutral
2025-08-30 13:30:43,Neutral
2025-08-30 13:30:44,Neutral
2025-08-30 13:30:44,Neutral
2025-08-30 13:30:44,Neutral
2025-08-30 13:30:44,Neutral
2025-08-30 13:30:44,Neutral
2025-08-30 13:30:44,Neutral
2025-08-30 13:30:45,Neutral
2025-08-30 13:30:45,Neutral
2025-08-30 13:30:45,Neutral
2025-08-30 13:30:45,Neutral
2025-08-30 13:30:45,Neutral
2025-08-30 13:30:46,Neutral
2025-08-30 13:30:46,Neutral
2025-08-30 13:30:46,Neutral
2025-08-30 13:30:46,Neutral
2025-08-30 13:30:46,Neutral
2025-08-30 13:30:47,Neutral
2025-08-30 13:30:47,Neutral
2025-08-30 13:30:47,Neutral
2025-08-30 13:30:47,Neutral
2025-08-30 13:30:47,Neutral
2025-08-30 13:30:48,Neutral
2025-11-03 01:06:44,Neutral
2025-11-03 01:06:45,Happy
2025-11-03 01:06:47,Neutral
2025-11-03 01:06:48,Neutral
2025-11-03 01:06:49,Neutral
2025-11-03 01:06:50,Neutral
2025-11-03 01:06:53,Neutral
2025-11-03 01:11:26,Neutral
2025-11-03 01:11:32,Sad
2025-11-03 01:11:33,Neutral
2025-11-03 01:11:33,Neutral
2025-11-03 01:11:34,Happy
2025-11-03 01:11:34,Sad
2025-11-03 01:11:34,Neutral
2025-11-03 01:11:35,Neutral
2025-11-03 01:11:35,Neutral
2025-11-03 01:11:35,Neutral
2025-11-03 01:11:35,Neutral
2025-11-03 01:11:35,Neutral
2025-11-03 01:11:35,Neutral
2025-11-03 01:11:36,Neutral
2025-11-03 01:11:36,Neutral
2025-11-03 01:11:36,Neutral
2025-11-03 01:11:36,Neutral
2025-11-03 01:11:36,Neutral
2025-11-03 01:11:37,Neutral
2025-11-03 01:11:37,Neutral
2025-11-03 01:11:37,Neutral
2025-11-03 01:11:37,Neutral
2025-11-03 01:11:38,Sad
2025-11-03 01:11:38,Sad
2025-11-03 01:11:39,Sad
2025-11-03 01:11:39,Neutral
2025-11-03 01:11:39,Sad
2025-11-03 01:11:39,Neutral
2025-11-03 01:11:42,Neutral
2025-11-03 01:11:42,Neutral
2025-11-03 01:11:42,Neutral
2025-11-03 01:11:42,Neutral
2025-11-03 01:11:42,Neutral
2025-11-03 01:11:42,Neutral
2025-11-03 01:11:43,Neutral
2025-11-03 01:11:43,Neutral
2025-11-03 01:11:43,Neutral
2025-11-03 01:11:43,Neutral
2025-11-03 01:11:43,Neutral
2025-11-03 01:11:44,Neutral
2025-11-03 01:11:44,Neutral
2025-11-03 01:11:44,Happy
2025-11-03 01:11:44,Neutral
2025-11-03 01:11:44,Neutral
2025-11-03 01:11:45,Neutral
2025-11-03 01:11:45,Neutral
2025-11-03 01:11:46,Neutral
2025-11-03 01:11:46,Neutral
2025-11-03 01:11:48,Neutral
2025-11-03 01:11:48,Neutral
2025-11-03 01:11:49,Neutral
2025-11-03 01:11:49,Neutral
2025-11-03 01:11:49,Neutral
2025-11-03 01:11:50,Neutral
2025-11-03 01:11:51,Neutral
2025-11-03 01:11:51,Neutral
2025-11-03 01:11:51,Neutral
2025-11-03 01:12:22,Angry
2025-11-03 01:12:25,Neutral
2025-11-03 01:12:26,Neutral
2025-11-03 01:12:27,Fear
2025-11-03 01:12:27,Happy
2025-11-03 01:12:27,Fear
2025-11-03 01:12:27,Surprise
2025-11-03 01:12:27,Happy
2025-11-03 01:12:28,Happy
2025-11-03 01:12:28,Happy
2025-11-03 01:12:28,Neutral
2025-11-03 01:12:28,Sad
2025-11-03 01:12:28,Angry
2025-11-03 01:12:28,Happy
2025-11-03 01:12:29,Happy
2025-11-03 01:12:29,Happy
2025-11-03 01:12:29,Fear
2025-11-03 01:12:29,Neutral
2025-11-03 01:12:30,Neutral
2025-11-03 01:12:30,Fear
2025-11-03 01:12:30,Neutral
2025-11-03 01:12:30,Neutral
2025-11-03 01:12:30,Fear
2025-11-03 01:12:31,Happy
2025-11-03 01:12:31,Happy
2025-11-03 01:12:31,Neutral
2025-11-03 01:12:31,Neutral
2025-11-03 01:12:31,Happy
2025-11-03 01:12:32,Neutral
2025-11-03 01:12:41,Neutral
2025-11-03 01:12:41,Neutral
2025-11-03 01:12:49,Sad
2025-11-03 01:12:49,Sad
2025-11-03 01:12:49,Sad
2025-11-03 01:12:49,Neutral
2025-11-03 01:12:49,Sad
2025-11-03 01:12:49,Neutral
2025-11-03 01:12:50,Sad
2025-11-03 01:12:50,Sad
2025-11-03 01:12:50,Sad
2025-11-03 01:12:50,Neutral
2025-11-03 01:12:50,Sad
2025-11-03 01:12:51,Angry
2025-11-03 01:12:51,Angry
2025-11-03 01:12:51,Angry
2025-11-03 01:12:51,Angry
2025-11-03 01:12:51,Angry
2025-11-03 01:12:52,Angry
2025-11-03 01:12:52,Angry
2025-11-03 01:12:52,Angry
2025-11-03 01:12:52,Angry
2025-11-03 01:12:52,Angry
2025-11-03 01:12:53,Angry
2025-11-03 01:12:55,Angry
2025-11-03 01:12:55,Sad
2025-11-03 01:12:55,Fear
2025-11-03 01:12:55,Sad
2025-11-03 01:12:56,Sad
2025-11-03 01:12:56,Sad
2025-11-03 01:12:56,Neutral
2025-11-03 01:12:56,Neutral
2025-11-03 01:12:56,Sad
2025-11-03 01:12:57,Happy
2025-11-03 01:12:57,Happy
2025-11-03 01:12:57,Happy
2025-11-03 01:12:57,Happy
2025-11-03 01:12:57,Happy
2025-11-03 01:12:58,Neutral
2025-11-03 01:12:58,Neutral
2025-11-03 01:12:58,Neutral
2025-11-03 01:12:58,Neutral
2025-11-03 01:12:58,Fear
2025-11-03 01:12:59,Angry
2025-11-03 01:12:59,Angry
2025-11-03 01:12:59,Angry
2025-11-03 01:13:00,Angry
2025-11-03 01:13:00,Sad
2025-11-03 01:13:00,Sad
2025-11-03 01:13:00,Sad
2025-11-03 01:13:00,Sad
2025-11-03 01:13:01,Sad
2025-11-03 01:13:01,Sad
2025-11-03 01:13:01,Sad
2025-11-03 01:13:01,Sad
2025-11-03 01:13:01,Neutral
2025-11-03 01:13:02,Fear
2025-11-03 01:13:02,Neutral
2025-11-03 01:13:03,Angry
2025-11-03 01:13:03,Happy
2025-11-03 01:13:04,Happy
2025-11-03 01:13:04,Happy
2025-11-03 01:13:04,Angry
2025-11-03 01:13:04,Happy
2025-11-03 01:13:04,Happy
2025-11-03 01:13:05,Happy
2025-11-03 01:13:05,Happy
2025-11-03 01:13:05,Happy
2025-11-03 01:13:05,Happy
2025-11-03 01:13:05,Happy
2025-11-03 01:13:05,Surprise
2025-11-03 01:13:06,Neutral
2025-11-03 01:13:06,Surprise
2025-11-03 01:13:06,Neutral
2025-11-03 01:13:06,Fear
2025-11-03 01:13:06,Fear
2025-11-03 01:13:07,Surprise
2025-11-03 01:13:07,Surprise
2025-11-03 01:13:07,Surprise
2025-11-03 01:13:07,Happy
2025-11-03 01:13:07,Happy
2025-11-03 01:13:07,Happy
2025-11-03 01:13:08,Happy
2025-11-03 01:13:08,Happy
2025-11-03 01:13:08,Happy
2025-11-03 01:13:08,Surprise
2025-11-03 01:13:08,Happy
2025-11-03 01:13:09,Surprise
2025-11-03 01:13:09,Happy
2025-11-03 01:13:09,Happy
2025-11-03 01:13:09,Happy
2025-11-03 01:13:09,Happy
2025-11-03 01:13:10,Happy
2025-11-03 01:13:10,Happy
2025-11-03 01:13:10,Happy
2025-11-03 01:13:10,Happy
2025-11-03 01:13:11,Happy
2025-11-03 01:13:11,Happy
2025-11-03 01:13:11,Happy
2025-11-03 01:13:12,Happy
2025-11-03 01:13:12,Happy
2025-11-03 01:13:12,Happy
2025-11-03 01:13:12,Happy
2025-11-03 01:13:12,Happy
2025-11-03 01:13:13,Happy
2025-11-03 01:13:13,Happy
2025-11-03 01:13:13,Happy
2025-11-03 01:13:13,Happy
2025-11-03 01:13:13,Neutral
2025-11-03 01:13:14,Happy
2025-11-03 01:13:14,Neutral
2025-11-03 01:13:14,Happy
2025-11-03 01:13:14,Neutral
2025-11-03 01:13:14,Happy
2025-11-03 01:13:14,Neutral
2025-11-03 01:13:15,Happy
2025-11-03 01:13:15,Neutral
2025-11-03 01:13:15,Happy
2025-11-03 01:13:15,Happy
2025-11-03 01:13:15,Neutral
2025-11-03 01:13:15,Neutral
2025-11-03 01:13:16,Neutral
2025-11-03 01:13:16,Neutral
2025-11-03 01:13:16,Neutral
2025-11-03 01:13:16,Sad
2025-11-03 01:13:16,Neutral
2025-11-03 01:13:17,Neutral
2025-11-03 01:13:17,Neutral
2025-11-03 01:13:17,Neutral
2025-11-03 01:13:17,Neutral
2025-11-03 01:13:18,Neutral
2025-11-03 01:13:19,Neutral
2025-11-03 01:13:19,Neutral
2025-11-03 01:13:19,Neutral
2025-11-03 01:13:20,Neutral
2025-11-03 01:13:20,Neutral
2025-11-03 01:13:20,Sad
2025-11-03 01:13:20,Sad
2025-11-03 01:13:20,Neutral
2025-11-03 01:13:21,Sad
2025-11-03 01:13:21,Neutral
2025-11-03 01:13:21,Neutral
2025-11-03 01:13:21,Neutral
2025-11-03 01:13:21,Neutral
2025-11-03 01:13:22,Sad
2025-11-03 01:13:22,Neutral
2025-11-03 01:13:22,Neutral
2025-11-03 01:13:22,Happy
2025-11-03 01:13:22,Fear
2025-11-03 01:13:22,Angry
2025-11-03 01:13:23,Happy
2025-11-03 01:13:23,Sad
2025-11-03 01:13:23,Fear
2025-11-03 01:13:23,Fear
2025-11-03 01:13:23,Angry
2025-11-03 01:13:24,Fear
2025-11-03 01:13:24,Angry
2025-11-03 01:13:24,Fear
2025-11-03 01:13:24,Fear
2025-11-03 01:13:24,Sad
2025-11-03 01:13:25,Angry
2025-11-03 01:13:25,Sad
2025-11-03 01:13:25,Sad
2025-11-03 01:13:25,Sad
2025-11-03 01:13:25,Sad
2025-11-03 01:13:26,Neutral
2025-11-03 01:13:26,Fear
2025-11-03 01:13:26,Fear
2025-11-03 01:13:26,Sad
2025-11-03 01:13:26,Sad
2025-11-03 01:13:26,Sad
2025-11-03 01:13:27,Sad
2025-11-03 01:13:27,Fear
2025-11-19 10:40:24,Neutral
2025-11-19 10:40:24,Neutral
2025-11-19 10:40:24,Neutral
2025-11-19 10:40:24,Neutral
2025-11-19 10:40:25,Happy
2025-11-19 10:40:25,Neutral
2025-11-19 10:40:25,Neutral
2025-11-19 10:40:25,Happy
2025-11-19 10:40:25,Neutral
2025-11-19 10:40:26,Neutral
2025-11-19 10:40:26,Neutral
2025-11-19 10:40:26,Neutral
2025-11-19 10:40:26,Happy
2025-11-19 10:40:26,Happy
2025-11-19 10:40:27,Happy
2025-11-19 10:40:27,Happy
2025-11-19 10:40:27,Happy
2025-11-19 10:40:27,Happy
2025-11-19 10:40:27,Happy
2025-11-19 10:40:28,Happy
2025-11-19 10:40:28,Happy
2025-11-19 10:40:28,Happy
2025-11-19 10:40:28,Happy
2025-11-19 10:40:28,Neutral
2025-11-19 10:40:29,Neutral
2025-11-19 10:40:29,Neutral
2025-11-19 10:40:29,Happy
2025-11-19 10:40:29,Happy
2025-11-19 10:40:29,Neutral
2025-11-19 10:40:30,Neutral
2025-11-19 10:40:30,Happy
2025-11-19 10:40:30,Neutral
2025-11-19 10:40:30,Neutral
2025-11-19 10:40:30,Neutral
2025-11-19 10:40:31,Neutral
2025-11-19 10:40:31,Neutral
2025-11-19 10:40:31,Neutral
2025-11-19 10:40:31,Neutral
2025-11-19 10:40:31,Neutral
2025-11-19 10:40:32,Neutral
2025-11-19 10:40:32,Neutral
2025-11-19 10:40:32,Neutral
2025-11-19 10:40:32,Neutral
2025-11-19 10:40:32,Neutral
2025-11-19 10:40:33,Neutral
2025-11-19 10:40:33,Neutral
2025-11-19 10:40:33,Neutral
2025-11-19 10:40:33,Happy
2025-11-19 10:40:33,Happy
2025-11-19 10:40:34,Happy
2025-11-19 10:40:35,Happy
2025-11-19 10:40:35,Happy
2025-11-19 10:40:35,Happy
2025-11-19 10:40:35,Happy
2025-11-19 10:40:35,Happy
2025-11-19 10:40:36,Happy
2025-11-19 10:40:36,Happy
2025-11-19 10:40:36,Happy
2025-11-19 10:40:36,Happy
2025-11-19 10:40:36,Happy
2025-11-19 10:40:37,Neutral
2025-11-19 10:40:37,Neutral
2025-11-19 10:40:37,Neutral
2025-11-19 10:40:40,Happy
2025-11-19 10:40:41,Neutral
2025-11-19 10:40:41,Neutral
2025-11-19 10:40:41,Neutral
2025-11-19 10:40:41,Neutral
2025-11-19 10:40:41,Neutral
2025-11-19 10:40:41,Neutral
2025-11-19 10:40:42,Neutral
2025-11-19 10:40:42,Neutral
2025-11-19 10:40:42,Neutral
2025-11-19 10:40:42,Neutral
2025-11-19 10:40:42,Neutral
2025-11-19 10:40:43,Neutral
2025-11-19 10:40:43,Neutral
2025-11-19 10:40:43,Neutral
2025-11-19 10:40:43,Happy
2025-11-19 10:40:43,Happy
2025-11-19 10:40:44,Happy
2025-11-19 10:40:44,Happy
2025-11-19 10:40:44,Happy
2025-11-19 10:40:44,Happy
2025-11-19 10:40:44,Happy
2025-11-19 10:40:45,Happy
2025-11-19 10:40:45,Happy
2025-11-19 10:40:45,Happy
2025-11-19 10:40:45,Neutral
2025-11-19 10:40:45,Happy
2025-11-19 10:40:48,Fear
2025-11-19 10:40:48,Happy
2025-11-19 10:40:48,Happy
2025-11-19 10:40:48,Happy
2025-11-19 10:40:49,Happy
2025-11-19 10:40:49,Happy
2025-11-19 10:40:51,Sad
2025-11-19 10:40:52,Happy
2025-11-19 10:40:52,Happy
2025-11-19 10:40:52,Neutral
2025-11-19 10:40:52,Happy
2025-11-19 10:40:52,Happy
2025-11-19 10:40:53,Neutral
2025-11-19 10:40:53,Neutral
2025-11-19 10:40:54,Sad
2025-11-19 10:40:55,Angry
2025-11-19 10:40:55,Sad
2025-11-19 10:40:55,Happy
2025-11-19 10:40:57,Angry
2025-11-19 10:40:59,Happy
2025-11-19 10:40:59,Neutral
2025-11-19 10:40:59,Happy
2025-11-19 10:41:00,Happy
2025-11-19 10:41:00,Happy
2025-11-19 10:41:00,Happy
2025-11-19 10:41:00,Happy
2025-11-19 10:41:01,Happy
2025-11-19 10:41:01,Happy
2025-11-19 10:41:01,Happy
2025-11-19 10:41:01,Happy
2025-11-19 10:41:01,Happy
2025-11-19 10:41:02,Happy
2025-11-19 10:41:02,Neutral
2025-11-19 10:41:02,Happy
2025-11-19 10:41:02,Neutral
2025-11-19 10:41:02,Neutral
2025-11-19 10:41:03,Sad
2025-11-19 10:41:03,Sad
2025-11-19 10:41:03,Neutral
2025-11-19 10:41:03,Neutral
2025-11-19 10:41:03,Neutral
2025-11-19 10:41:03,Happy
2025-11-19 10:41:04,Happy
2025-11-19 10:41:04,Fear
2025-11-19 10:41:04,Neutral
2025-11-19 10:41:04,Happy
2025-11-19 10:41:07,Happy
2025-11-19 10:41:07,Neutral
2025-11-19 10:41:08,Happy
2025-11-19 10:41:08,Happy
2025-11-19 10:41:12,Happy
2025-11-19 10:41:12,Happy
2025-11-19 10:41:12,Sad
2025-11-19 10:41:14,Neutral
2025-11-19 10:41:15,Neutral
2025-11-19 10:41:15,Neutral
2025-11-19 10:41:15,Neutral
2025-11-19 10:41:15,Neutral
2025-11-19 10:41:15,Neutral
2025-11-19 10:41:16,Neutral
2025-11-19 10:41:16,Neutral
2025-11-19 10:41:16,Neutral
2025-11-19 10:41:16,Neutral
2025-11-19 10:41:16,Neutral
2025-11-19 10:41:17,Neutral
2025-11-19 10:41:17,Neutral
2025-11-19 10:41:17,Neutral
2025-11-19 10:41:20,Happy
2025-11-19 10:41:21,Happy
2025-11-19 10:41:21,Neutral
2025-11-19 10:41:21,Happy
2025-11-19 10:41:21,Happy
2025-11-19 10:41:22,Happy
2025-11-19 10:41:22,Happy
2025-11-19 10:41:22,Happy
2025-11-19 10:41:22,Happy
2025-11-19 10:41:22,Happy
2025-11-19 10:41:23,Happy
2025-11-19 10:41:23,Happy
2025-11-19 10:41:24,Fear
2025-11-19 10:41:25,Happy
2025-11-19 10:41:25,Happy
2025-11-19 10:41:25,Neutral
2025-11-19 10:41:25,Neutral
2025-11-19 10:41:25,Neutral
2025-11-19 10:41:26,Neutral
2025-11-19 10:41:26,Neutral
2025-11-19 10:41:26,Neutral
2025-11-19 10:41:26,Neutral
2025-11-19 10:41:32,Happy
2025-11-19 10:41:33,Happy
2025-11-19 10:41:33,Happy
2025-11-19 10:41:33,Happy
2025-11-19 10:41:33,Neutral
2025-11-19 10:41:34,Neutral
2025-11-19 10:41:34,Happy
2025-11-19 10:41:35,Sad
2025-11-19 10:41:35,Neutral
2025-11-19 10:41:35,Neutral
2025-11-19 10:41:36,Neutral
2025-11-19 10:41:36,Neutral
2025-11-19 10:41:36,Neutral
2025-11-19 10:41:36,Neutral
2025-11-19 10:41:36,Neutral
2025-11-19 10:41:37,Neutral
2025-11-19 10:41:37,Neutral
2025-11-19 10:41:37,Neutral
2025-11-19 10:41:37,Neutral
2025-11-19 10:41:37,Neutral
2025-11-19 10:41:37,Neutral
2025-11-19 10:41:38,Neutral
2025-11-19 10:41:38,Neutral
2025-11-19 10:41:38,Neutral
2025-11-19 10:41:38,Neutral
2025-11-19 10:41:38,Neutral
2025-11-19 10:41:39,Neutral
2025-11-19 10:41:39,Neutral
2025-11-19 10:41:39,Neutral
2025-11-19 10:41:39,Neutral
2025-11-19 10:41:39,Neutral
2025-11-19 10:41:40,Neutral
2025-11-19 10:41:40,Neutral
2025-11-19 10:41:40,Neutral
2025-11-19 10:41:40,Neutral
2025-11-19 10:41:40,Neutral
2025-11-19 10:41:41,Neutral
2025-11-19 10:41:41,Neutral
2025-11-19 10:41:41,Neutral
2025-11-19 10:41:41,Neutral
2025-11-19 10:41:41,Neutral
2025-11-19 10:41:42,Neutral
2025-11-19 10:41:42,Neutral
2025-11-19 10:41:42,Neutral
2025-11-19 10:41:42,Neutral
2025-11-19 10:41:42,Neutral
2025-11-19 10:41:43,Neutral
2025-11-19 10:41:43,Neutral
2025-11-19 10:41:43,Neutral
2025-11-19 10:41:43,Neutral
2025-11-19 10:41:44,Neutral
2025-11-19 10:41:45,Happy
2025-11-19 10:41:46,Happy
2025-11-19 10:41:46,Neutral
2025-11-19 10:41:46,Happy
2025-11-19 10:41:47,Happy
2025-11-19 10:41:47,Neutral
2025-11-19 10:41:47,Happy
2025-11-19 10:41:50,Angry
2025-11-19 10:41:50,Sad
2025-11-19 10:41:50,Sad
2025-11-19 10:41:51,Sad
2025-11-19 10:41:51,Sad
2025-11-19 10:41:52,Sad
2025-11-19 10:41:52,Sad
2025-11-19 10:41:52,Sad
2025-11-19 10:41:52,Sad
2025-11-19 10:41:53,Sad
2025-11-19 10:41:53,Angry
2025-11-19 10:41:54,Angry
2025-11-19 10:41:55,Angry
2025-11-19 10:41:55,Angry
2025-11-19 10:41:55,Angry
2025-11-19 10:41:55,Angry
2025-11-19 10:41:55,Angry
2025-11-19 10:41:56,Angry
2025-11-19 10:41:56,Angry
2025-11-19 10:41:56,Angry
2025-11-19 10:41:58,Sad
2025-11-19 10:41:59,Angry
2025-11-19 10:41:59,Angry
2025-11-19 10:41:59,Angry
2025-11-19 10:41:59,Angry
2025-11-19 10:41:59,Fear
2025-11-19 10:42:00,Sad
2025-11-19 10:42:00,Sad
2025-11-19 10:42:00,Angry
2025-11-19 10:42:00,Angry
2025-11-19 10:42:00,Happy
2025-11-19 10:42:01,Happy
2025-11-19 10:42:03,Happy
2025-11-19 10:42:04,Happy
2025-11-19 10:42:04,Happy
2025-11-19 10:42:04,Happy
2025-11-19 10:42:04,Happy
2025-11-19 10:42:04,Happy
2025-11-19 10:42:05,Happy
2025-11-19 10:42:05,Happy
2025-11-19 10:42:06,Happy
2025-11-19 10:42:06,Happy
2025-11-19 10:42:06,Happy
2025-11-19 10:42:06,Happy
2025-11-19 10:42:06,Happy
2025-11-19 10:42:07,Happy
2025-11-19 10:42:07,Fear
2025-11-19 10:42:07,Happy
2025-11-19 10:42:07,Happy
2025-11-19 10:42:08,Happy
2025-11-19 10:42:08,Happy
2025-11-19 10:42:08,Happy
2025-11-19 10:42:08,Happy
2025-11-19 10:42:08,Happy
2025-11-19 10:42:09,Neutral
2025-11-19 10:42:09,Happy
2025-11-19 10:42:09,Happy
2025-11-19 10:42:09,Neutral
2025-11-19 10:42:09,Happy
2025-11-19 10:42:10,Neutral
2025-11-19 10:42:10,Happy
2025-11-19 10:42:10,Happy
2025-11-19 10:42:10,Happy
2025-11-19 10:42:10,Happy
2025-11-19 10:42:11,Happy
2025-11-19 10:42:11,Happy
2025-11-19 10:42:11,Happy
2025-11-19 10:42:11,Happy
2025-11-19 10:42:11,Happy
2025-11-19 10:42:12,Happy
2025-11-19 10:42:12,Happy
2025-11-19 10:42:12,Happy
2025-11-19 10:42:12,Happy
2025-11-19 10:42:13,Happy
2025-11-19 10:42:13,Happy
2025-11-19 10:42:14,Neutral
2025-11-19 10:42:14,Neutral
2025-11-19 10:42:15,Neutral
2025-11-19 10:42:15,Surprise
2025-11-19 10:42:15,Surprise
2025-11-19 10:42:15,Surprise
2025-11-19 10:42:16,Neutral
2025-11-19 10:42:16,Neutral
2025-11-19 10:42:19,Happy
2025-11-19 10:42:20,Happy
2025-11-19 10:42:20,Happy
2025-11-19 10:42:23,Neutral
2025-11-19 10:42:32,Neutral
2025-11-19 10:42:33,Neutral
2026-08-31 21:57:07,Happy
2026-08-31 21:57:08,Sad
2026-08-31 21:57:09,Sad
2026-08-31 21:57:09,Happy
2026-08-31 21:57:10,Happy
2026-08-31 21:57:11,Neutral
2026-08-31 21:57:12,Neutral
2026-08-31 21:57:12,Neutral
2026-08-31 21:57:12,Neutral
2026-08-31 21:57:12,Neutral
2026-08-31 21:57:13,Neutral
2026-08-31 21:57:13,Neutral
2026-08-31 21:57:14,Happy
2026-08-31 21:57:15,Happy
2026-08-31 21:57:16,Neutral
2026-08-31 21:57:16,Neutral
2026-08-31 21:57:16,Neutral
2026-08-31 21:57:17,Neutral
2026-08-31 21:57:17,Neutral
2026-08-31 21:57:20,Happy
2026-08-31 21:57:20,Sad
2026-08-31 21:57:20,Sad
2026-08-31 21:57:21,Sad
2026-08-31 21:57:22,Neutral
2026-08-31 21:57:22,Neutral
2026-08-31 21:57:22,Neutral
2026-08-31 21:57:23,Neutral
2026-08-31 21:57:23,Neutral
2026-08-31 21:57:24,Neutral
2026-08-31 21:57:26,Neutral
2026-08-31 21:57:26,Neutral
2026-08-31 21:57:26,Neutral
2026-08-31 21:57:26,Sad
2026-08-31 21:57:26,Neutral
2026-08-31 21:57:27,Neutral
2026-08-31 21:57:27,Neutral
2026-08-31 21:57:27,Neutral
2026-08-31 21:57:27,Neutral
2026-08-31 21:57:27,Neutral
2026-08-31 21:57:28,Happy
2026-08-31 21:57:28,Happy
2026-08-31 21:57:28,Happy
2026-08-31 21:57:28,Happy
2026-08-31 21:57:28,Happy
2026-08-31 21:57:29,Happy
2026-08-31 21:57:29,Happy
2026-08-31 21:57:29,Happy
2026-08-31 21:57:29,Happy
2026-08-31 21:57:29,Neutral
2026-08-31 21:57:30,Neutral
2026-08-31 21:57:30,Neutral
2026-08-31 21:57:30,Neutral
2026-08-31 21:57:30,Neutral
2026-08-31 21:57:30,Neutral
2026-08-31 21:57:30,Neutral
2026-08-31 21:57:31,Neutral
2026-08-31 21:57:31,Happy
2026-08-31 21:57:31,Happy
2026-08-31 21:57:31,Sad
2026-08-31 21:57:31,Sad
2026-08-31 21:57:32,Happy
2026-08-31 21:57:32,Happy
2026-08-31 21:57:32,Happy
2026-08-31 21:57:32,Happy
2026-08-31 21:57:32,Happy
2026-08-31 21:57:33,Sad
2026-08-31 21:57:33,Sad
2026-08-31 21:57:33,Neutral
2026-08-31 21:57:33,Neutral
2026-08-31 21:57:33,Neutral
2026-08-31 21:57:33,Neutral
2026-08-31 21:57:34,Neutral
2026-08-31 21:57:34,Neutral
2026-08-31 21:57:34,Neutral
2026-08-31 21:57:34,Neutral
2026-08-31 21:57:34,Neutral
2026-08-31 21:57:35,Neutral
2026-08-31 21:57:35,Neutral
2026-08-31 21:57:35,Neutral
2026-08-31 21:57:35,Neutral
2026-08-31 21:57:35,Neutral
2026-08-31 21:57:36,Happy
2026-08-31 21:57:36,Happy
2026-08-31 21:57:36,Happy
2026-08-31 21:57:36,Happy
2026-08-31 21:57:36,Happy
2026-08-31 21:57:37,Happy
2026-08-31 21:57:37,Happy
2026-08-31 21:57:37,Happy
2026-08-31 21:57:37,Happy
2026-08-31 21:57:37,Happy
2026-08-31 21:57:38,Happy
2026-08-31 21:57:38,Happy
2026-08-31 21:57:38,Neutral
2026-08-31 21:57:38,Neutral
2026-08-31 21:57:38,Neutral
2026-08-31 21:57:38,Neutral
2026-08-31 21:57:39,Angry
2026-08-31 21:57:39,Angry
2026-08-31 21:57:39,Happy
2026-08-31 21:57:39,Angry
2026-08-31 21:57:39,Neutral
2026-08-31 21:57:40,Angry
2026-08-31 21:57:40,Angry
2026-08-31 21:57:40,Angry
2026-08-31 21:57:40,Neutral
2026-08-31 21:57:40,Neutral
2026-08-31 21:57:41,Neutral
2026-08-31 21:57:41,Neutral
2026-08-31 21:57:41,Neutral
2026-08-31 21:57:41,Neutral
2026-08-31 21:57:41,Neutral
2026-08-31 21:57:42,Angry
2026-08-31 21:57:42,Angry
2026-08-31 21:57:42,Neutral
2026-08-31 21:57:42,Angry
2026-08-31 21:57:42,Neutral
2026-08-31 21:57:43,Neutral
2026-08-31 21:57:43,Neutral
2026-08-31 21:57:43,Neutral
2026-08-31 21:57:43,Neutral
2026-08-31 21:57:43,Neutral
2026-08-31 21:57:44,Neutral
2026-08-31 21:57:44,Neutral
2026-08-31 21:57:44,Neutral
2026-08-31 21:57:44,Neutral
2026-08-31 21:57:44,Neutral
2026-08-31 21:57:44,Neutral
2026-08-31 21:57:45,Neutral
2026-08-31 21:57:49,Neutral
2026-08-31 21:57:49,Neutral
2026-08-31 21:57:49,Neutral
2026-08-31 21:57:50,Neutral
2026-08-31 21:57:50,Neutral
2026-08-31 21:57:50,Neutral
2026-08-31 21:57:50,Neutral
2026-08-31 21:57:50,Neutral
2026-08-31 21:57:51,Neutral
2026-08-31 21:57:51,Neutral
2026-08-31 21:57:51,Happy
2026-08-31 21:57:51,Neutral
2026-08-31 21:57:51,Neutral
2026-08-31 21:57:51,Neutral
2026-08-31 21:57:52,Neutral
2026-08-31 21:57:52,Happy
2026-08-31 21:57:52,Happy
2026-08-31 21:57:52,Neutral
2026-08-31 21:57:53,Neutral
2026-08-31 21:57:53,Neutral
2026-08-31 21:57:53,Neutral
2026-08-31 21:57:53,Neutral
2026-08-31 21:57:53,Neutral
2026-08-31 21:57:54,Neutral
2026-08-31 21:57:54,Neutral
2026-08-31 21:57:54,Neutral
